{
  "author": "",
  "code": "\n\n\nfrom process.ProjectCleanUp import *\n\nimport paramiko\nimport zipfile\n\n\nclass Main:\n\n    def __init__(self):\n        pass\n\n    if __name__ == \"__main__\":\n        ssh_client = paramiko.SSHClient()\n        ssh_client.set_missing_host_key_policy(paramiko.AutoAddPolicy())\n        print(\"Connecting . . .\")\n        ssh_client.connect(hostname=\"123.206.77.77\", username=\"ubuntu\", password=\"Star==960906\")\n        ftp = ssh_client.open_sftp()\n        print(\"Connected!\")\n        dirs = ftp.listdir()\n        print(dirs)\n        ftp.chdir('/home/ubuntu/test_files')\n        print(dirs)\n        ssh_client.exec_command(\"cd /home/ubuntu/test_files;\"\n                                \"unzip /home/ubuntu/test_files/Final-Year-Project.zip\")\n        \n        \n\n        \n        \n        \n\n        \n\n        pcu = ProjectCleanUp('C:\\\\Users\\\\CeXGalway\\\\Downloads\\\\Final-Year-Project.zip')\n        pcu.clean_up()\n\n        ssh_client.close()\n",
  "comments": "\nCreated on 04/03/2018\nAuthor: Ciar\u00e1n\n\n\n\n\n        print(ssh_client.exec_command(\"ls\"))\n        print(ssh_client.exec_command(\"cd test_files\"))\n        print(ssh_client.exec_command(\"ls\"))\n        print(ftp.listdir())\n\n        for file_name in ftp.listdir(\"/home/ubuntu/test_files\"):\n            print(file_name)\n            project_file = zipfile.ZipFile(file_name)\n            project_file.extractall(file_name[:-4])\n            project_file.close()\n        \n \n# coding=utf-8\n# from paramiko import sftp_client, SSHClient\n# print(stdout.readlines())\n# stdin, stdout, stderr = ssh_client.exec_command(\"unzip /home/ubuntu/test_files/Final-Year-Project.zip\")\n# Go to test_files folder\n# run command 'unzip /home/ubuntu/test_files/Final-Year-Project.zip'\n# zip will be in test_files\n",
  "description": "",
  "file_name": "main.py",
  "language": "",
  "project_name": "",
  "quality": "",
  "save_path": "/home/ubuntu/test_files/clean/Final-Year-Project-master/Ciaran's Workspace/src/com/codex/main.py",
  "save_time": "",
  "update_at": ""
}