{
  "author": "",
  "code": "\n\r\n\r\nfrom process.ProjectCleanUp import *\r\n\r\n\r\nclass Main:\r\n\r\n    def __init__(self):\r\n        pass\r\n\r\n    if __name__ == \"__main__\":\r\n        pcu = ProjectCleanUp('C:\\\\Users\\\\CeXGalway\\\\Downloads\\\\BBS-master.zip')\r\n        pcu.unzip()\r\n",
  "comments": "\r\nCreated on 04/03/2018\r\nAuthor: Ciar\u00e1n\r\n\n\n\n# coding=utf-8\r\n",
  "description": "",
  "file_name": "main.py",
  "language": "",
  "project_name": "",
  "quality": "",
  "save_path": "/home/ubuntu/test_files/clean/Final-Year-Project/Code/src/com/codex/main.py",
  "save_time": "",
  "update_at": ""
}