{"author": "", "code": "\n\nclass FormattedCodeInterface:\n\n    __description = ''\n    __author = ''\n    __update_at = ''\n    __save_time = ''\n    __file_name = ''\n    __project_name=''\n    __save_path = ''\n    __language = ''\n    __quality = ''\n    __content = ''\n\n    def __init__(self,description='',author='',update_at='',save_time='',file_name='',project_name='',save_path='',language='',quality='',content=''):\n        self.__description = description\n        self.__author = author\n        self.__update_at = update_at\n        self.__save_time = save_time\n        self.__file_name = file_name\n        self.__project_name = project_name\n        self.__save_path = save_path\n        self.__language = language\n        self.__quality = quality\n        self.__content = content\n\n    def set_description(self,description):\n        self.__description = description\n\n    def get_description(self):\n        return self.__description\n\n    def set_author(self,author):\n        self.__author = author\n\n    def get_author(self):\n        return self.__author\n\n    def set_update_at(self,update_at):\n        self.__update_at = update_at\n\n    def get_update_at(self):\n        return self.__update_at\n\n    def set_save_time(self,save_time):\n        self.__save_time = save_time\n\n    def get_save_time(self):\n        return self.__save_time\n\n    def set_file_name(self,file_name):\n        self.__file_name = file_name\n\n    def get_file_name(self):\n        return self.__file_name\n\n    def set_project_name(self,project_name):\n        self.__project_name = project_name\n\n    def get_project_name(self):\n        return self.__project_name\n\n    def set_save_path(self,save_path):\n        self.__save_path = save_path\n\n    def get_save_path(self):\n        return self.__save_path\n\n    def set_language(self,language):\n        self.__language = language\n\n    def get_language(self):\n        return self.__language\n\n    def set_quality(self,quality):\n        self.__quality = quality\n\n    def get_quality(self):\n        return self.__quality\n\n    def set_content(self,content):\n        self.__content = content\n\n    def get_content(self):\n        return self.__content\n\n    def to_dictionary(self):\n        dic = {}\n        dic[\"description\"] = self.__description\n        dic[\"author\"] = self.__author\n        dic[\"update_at\"] = self.__update_at\n        dic[\"save_time\"] = self.__save_time\n        dic[\"file_name\"] = self.__file_name\n        dic[\"project_name\"] = self.__project_name\n        dic[\"save_path\"] = self.__save_path\n        dic[\"language\"] = self.__language\n        dic[\"quality\"] = self.__quality\n        dic[\"content\"] = self.__content\n        return dic", "comments": "\n@author: Star\n\n@time: 06-03-2018\n\nThis is an Interface class for Ciaran to transfer his information to Hester\n\nEvery single object represents one file\n\n\n\n\n", "description": "", "file_name": "FormattedCodeInterface.py", "language": "", "project_name": "", "quality": "", "save_path": "/home/ubuntu/test_files/clean/Final-Year-Project-master/Final-Year-Project-master/Star's Python Workspace/FormattedCodeInterface.py", "save_time": "", "update_at": ""}