{"author": "", "code": "\nimport logging\nimport os\n\nclass LogWriter:\n\n    \n    def write_error_log(self,content):\n        if not os.path.exists(\"logs\"):\n            os.mkdir(\"logs\")\n        logging.basicConfig(format='%(asctime)s - %(levelname)s - %(message)s',filename=\"logs/error.log\", filemode=\"w\", level=logging.ERROR)\n        logging.error(content)\n\n    \n    def write_warning_log(self,content):\n        if not os.path.exists(\"logs\"):\n            os.mkdir(\"logs\")\n        logging.basicConfig(format='%(asctime)s - %(levelname)s - %(message)s',filename=\"logs/warning.log\", filemode=\"w\", level=logging.DEBUG)\n        logging.warning(content)\n\n    \n    def write_info_log(self,content):\n        if not os.path.exists(\"logs\"):\n            os.mkdir(\"logs\")\n        logging.basicConfig(format='%(asctime)s - %(levelname)s - %(message)s',filename=\"logs/info.log\", filemode=\"w\", level=logging.INFO)\n        logging.info(content)", "comments": "\n@author: Star\n\n@time: 05-03-2018\n\n\n\n\n# Write error log into logs/error.log\n# Write warning log into logs/warning.log\n# Write info log into logs/info.log\n", "description": "", "file_name": "LogWriter.py", "language": "", "project_name": "", "quality": "", "save_path": "/home/ubuntu/test_files/clean/Final-Year-Project-master/Final-Year-Project-master/Star's Python Workspace/LogWriter.py", "save_time": "", "update_at": ""}